sample,term,coefficient,HAC SE,p-value,n
Baseline: emergency impacts excluded,fomc_day,-0.0012854999132119798,0.0011413912200094608,0.26005673000868057,2764
Baseline: emergency impacts excluded,overnight_return:fomc_day,0.19190558304171906,0.24305969710064218,0.4297959082820463,2764
Emergency impacts included,fomc_day,-0.0012787850783432754,0.0011425201790283182,0.2630262701639765,2766
Emergency impacts included,overnight_return:fomc_day,0.1909191661721198,0.24344749691766038,0.43290435607730904,2766
Exclude ex-dividend dates,fomc_day,-0.0012919579529760328,0.001147306628033413,0.26013206255917687,2720
Exclude ex-dividend dates,overnight_return:fomc_day,0.1733717765925881,0.24368039009974948,0.4767917905597442,2720
Exclude Cook-flagged observations,fomc_day,-0.0007291431437520496,0.0006922704472332081,0.292220275892905,2597
Exclude Cook-flagged observations,overnight_return:fomc_day,0.13259835522367439,0.09326014553316608,0.1550809558860193,2597
2015–2019,fomc_day,-0.0011649741322509067,0.0011545500352735571,0.3129608656647328,1258
2015–2019,overnight_return:fomc_day,-0.1361305461913785,0.6396605570267699,0.8314698187201637,1258
2020–2025,fomc_day,-0.0015298667728054088,0.0019438405628775706,0.43126251747612343,1506
2020–2025,overnight_return:fomc_day,0.2843854360652856,0.2846009039298521,0.3176770327100823,1506
