event_date,source_url,meeting_label,rate_change,decision
2015-01-28,https://www.federalreserve.gov/monetarypolicy/fomchistorical2015.htm,January 27-28 Meeting - 2015,0.0,hold
2015-03-18,https://www.federalreserve.gov/monetarypolicy/fomchistorical2015.htm,March 17-18 Meeting - 2015,0.0,hold
2015-04-29,https://www.federalreserve.gov/monetarypolicy/fomchistorical2015.htm,April 28-29 Meeting - 2015,0.0,hold
2015-06-17,https://www.federalreserve.gov/monetarypolicy/fomchistorical2015.htm,June 16-17 Meeting - 2015,0.0,hold
2015-07-29,https://www.federalreserve.gov/monetarypolicy/fomchistorical2015.htm,July 28-29 Meeting - 2015,0.0,hold
2015-09-17,https://www.federalreserve.gov/monetarypolicy/fomchistorical2015.htm,September 16-17 Meeting - 2015,0.0,hold
2015-10-28,https://www.federalreserve.gov/monetarypolicy/fomchistorical2015.htm,October 27-28 Meeting - 2015,0.0,hold
2015-12-16,https://www.federalreserve.gov/monetarypolicy/fomchistorical2015.htm,December 15-16 Meeting - 2015,0.25,hike
2016-01-27,https://www.federalreserve.gov/monetarypolicy/fomchistorical2016.htm,January 26-27 Meeting - 2016,0.0,hold
2016-03-16,https://www.federalreserve.gov/monetarypolicy/fomchistorical2016.htm,March 15-16 Meeting - 2016,0.0,hold
2016-04-27,https://www.federalreserve.gov/monetarypolicy/fomchistorical2016.htm,April 26-27 Meeting - 2016,0.0,hold
2016-06-15,https://www.federalreserve.gov/monetarypolicy/fomchistorical2016.htm,June 14-15 Meeting - 2016,0.0,hold
2016-07-27,https://www.federalreserve.gov/monetarypolicy/fomchistorical2016.htm,July 26-27 Meeting - 2016,0.0,hold
2016-09-21,https://www.federalreserve.gov/monetarypolicy/fomchistorical2016.htm,September 20-21 Meeting - 2016,0.0,hold
2016-11-02,https://www.federalreserve.gov/monetarypolicy/fomchistorical2016.htm,November 1-2 Meeting - 2016,0.0,hold
2016-12-14,https://www.federalreserve.gov/monetarypolicy/fomchistorical2016.htm,December 13-14 Meeting - 2016,0.25,hike
2017-02-01,https://www.federalreserve.gov/monetarypolicy/fomchistorical2017.htm,Jan/Feb 31-1 Meeting - 2017,0.0,hold
2017-03-15,https://www.federalreserve.gov/monetarypolicy/fomchistorical2017.htm,March 14-15 Meeting - 2017,0.25,hike
2017-05-03,https://www.federalreserve.gov/monetarypolicy/fomchistorical2017.htm,May 2-3 Meeting - 2017,0.0,hold
2017-06-14,https://www.federalreserve.gov/monetarypolicy/fomchistorical2017.htm,June 13-14 Meeting - 2017,0.25,hike
2017-07-26,https://www.federalreserve.gov/monetarypolicy/fomchistorical2017.htm,July 25-26 Meeting - 2017,0.0,hold
2017-09-20,https://www.federalreserve.gov/monetarypolicy/fomchistorical2017.htm,September 19-20 Meeting - 2017,0.0,hold
2017-11-01,https://www.federalreserve.gov/monetarypolicy/fomchistorical2017.htm,Oct/Nov 31-1 Meeting - 2017,0.0,hold
2017-12-13,https://www.federalreserve.gov/monetarypolicy/fomchistorical2017.htm,December 12-13 Meeting - 2017,0.25,hike
2018-01-31,https://www.federalreserve.gov/monetarypolicy/fomchistorical2018.htm,January 30-31 Meeting - 2018,0.0,hold
2018-03-21,https://www.federalreserve.gov/monetarypolicy/fomchistorical2018.htm,March 20-21 Meeting - 2018,0.25,hike
2018-05-02,https://www.federalreserve.gov/monetarypolicy/fomchistorical2018.htm,May 1-2 Meeting - 2018,0.0,hold
2018-06-13,https://www.federalreserve.gov/monetarypolicy/fomchistorical2018.htm,June 12-13 Meeting - 2018,0.25,hike
2018-08-01,https://www.federalreserve.gov/monetarypolicy/fomchistorical2018.htm,Jul/Aug 31-1 Meeting - 2018,0.0,hold
2018-09-26,https://www.federalreserve.gov/monetarypolicy/fomchistorical2018.htm,September 25-26 Meeting - 2018,0.25,hike
2018-11-08,https://www.federalreserve.gov/monetarypolicy/fomchistorical2018.htm,November 7-8 Meeting - 2018,0.0,hold
2018-12-19,https://www.federalreserve.gov/monetarypolicy/fomchistorical2018.htm,December 18-19 Meeting - 2018,0.25,hike
2019-01-30,https://www.federalreserve.gov/monetarypolicy/fomchistorical2019.htm,January 29-30 Meeting - 2019,0.0,hold
2019-03-20,https://www.federalreserve.gov/monetarypolicy/fomchistorical2019.htm,March 19-20 Meeting - 2019,0.0,hold
2019-05-01,https://www.federalreserve.gov/monetarypolicy/fomchistorical2019.htm,April/May 30-1 Meeting - 2019,0.0,hold
2019-06-19,https://www.federalreserve.gov/monetarypolicy/fomchistorical2019.htm,June 18-19 Meeting - 2019,0.0,hold
2019-07-31,https://www.federalreserve.gov/monetarypolicy/fomchistorical2019.htm,July 30-31 Meeting - 2019,-0.25,cut
2019-09-18,https://www.federalreserve.gov/monetarypolicy/fomchistorical2019.htm,September 17-18 Meeting - 2019,-0.25,cut
2019-10-30,https://www.federalreserve.gov/monetarypolicy/fomchistorical2019.htm,October 29-30 Meeting - 2019,-0.25,cut
2019-12-11,https://www.federalreserve.gov/monetarypolicy/fomchistorical2019.htm,December 10-11 Meeting - 2019,0.0,hold
2020-01-29,https://www.federalreserve.gov/monetarypolicy/fomchistorical2020.htm,January 28-29 Meeting - 2020,0.0,hold
2020-04-29,https://www.federalreserve.gov/monetarypolicy/fomchistorical2020.htm,April 28-29 Meeting - 2020,0.0,hold
2020-06-10,https://www.federalreserve.gov/monetarypolicy/fomchistorical2020.htm,June 9-10 Meeting - 2020,0.0,hold
2020-07-29,https://www.federalreserve.gov/monetarypolicy/fomchistorical2020.htm,July 28-29 Meeting - 2020,0.0,hold
2020-09-16,https://www.federalreserve.gov/monetarypolicy/fomchistorical2020.htm,September 15-16 Meeting - 2020,0.0,hold
2020-11-05,https://www.federalreserve.gov/monetarypolicy/fomchistorical2020.htm,November 4-5 Meeting - 2020,0.0,hold
2020-12-16,https://www.federalreserve.gov/monetarypolicy/fomchistorical2020.htm,December 15-16 Meeting - 2020,0.0,hold
2021-01-27,https://www.federalreserve.gov/monetarypolicy/fomccalendars.htm,"January 26-27 Statement: PDF | HTML Implementation Note Press Conference Statement on Longer-Run Goals and Monetary Policy Strategy Minutes: PDF | HTML (Released February 17, 2021)",0.0,hold
2021-03-17,https://www.federalreserve.gov/monetarypolicy/fomccalendars.htm,"March 16-17* Statement: PDF | HTML Implementation Note Press Conference Projection Materials PDF | HTML Minutes: PDF | HTML (Released April 07, 2021)",0.0,hold
2021-04-28,https://www.federalreserve.gov/monetarypolicy/fomccalendars.htm,"April 27-28 Statement: PDF | HTML Implementation Note Press Conference Minutes: PDF | HTML (Released May 19, 2021)",0.0,hold
2021-06-16,https://www.federalreserve.gov/monetarypolicy/fomccalendars.htm,"June 15-16* Statement: PDF | HTML Implementation Note Press Conference Projection Materials PDF | HTML Minutes: PDF | HTML (Released July 07, 2021)",0.0,hold
2021-07-28,https://www.federalreserve.gov/monetarypolicy/fomccalendars.htm,"July 27-28 Statement: PDF | HTML Implementation Note Press Conference Minutes: PDF | HTML (Released August 18, 2021)",0.0,hold
2021-09-22,https://www.federalreserve.gov/monetarypolicy/fomccalendars.htm,"September 21-22* Statement: PDF | HTML Implementation Note Press Conference Projection Materials PDF | HTML Minutes: PDF | HTML (Released October 13, 2021)",0.0,hold
2021-11-03,https://www.federalreserve.gov/monetarypolicy/fomccalendars.htm,"November 2-3 Statement: PDF | HTML Implementation Note Press Conference Minutes: PDF | HTML (Released November 24, 2021)",0.0,hold
2021-12-15,https://www.federalreserve.gov/monetarypolicy/fomccalendars.htm,"December 14-15* Statement: PDF | HTML Implementation Note Press Conference Projection Materials PDF | HTML Minutes: PDF | HTML (Released January 05, 2022)",0.0,hold
2022-01-26,https://www.federalreserve.gov/monetarypolicy/fomccalendars.htm,"January 25-26 Statement: PDF | HTML Implementation Note Press Conference Statement on Longer-Run Goals and Monetary Policy Strategy Principles for Reducing the Size of the Federal Reserve's Balance Sheet Minutes: PDF | HTML (Released February 16, 2022)",0.0,hold
2022-03-16,https://www.federalreserve.gov/monetarypolicy/fomccalendars.htm,"March 15-16* Statement: PDF | HTML Implementation Note Press Conference Projection Materials PDF | HTML Minutes: PDF | HTML (Released April 06, 2022)",0.25,hike
2022-05-04,https://www.federalreserve.gov/monetarypolicy/fomccalendars.htm,"May 3-4 Statement: PDF | HTML Implementation Note Press Conference Plans for Reducing the Size of the Federal Reserve's Balance Sheet Minutes: PDF | HTML (Released May 25, 2022)",0.5,hike
2022-06-15,https://www.federalreserve.gov/monetarypolicy/fomccalendars.htm,"June 14-15* Statement: PDF | HTML Implementation Note Press Conference Projection Materials PDF | HTML Minutes: PDF | HTML (Released July 06, 2022)",0.75,hike
2022-07-27,https://www.federalreserve.gov/monetarypolicy/fomccalendars.htm,"July 26-27 Statement: PDF | HTML Implementation Note Press Conference Minutes: PDF | HTML (Released August 17, 2022)",0.75,hike
2022-09-21,https://www.federalreserve.gov/monetarypolicy/fomccalendars.htm,"September 20-21* Statement: PDF | HTML Implementation Note Press Conference Projection Materials PDF | HTML Minutes: PDF | HTML (Released October 12, 2022)",0.75,hike
2022-11-02,https://www.federalreserve.gov/monetarypolicy/fomccalendars.htm,"November 1-2 Statement: PDF | HTML Implementation Note Press Conference Minutes: PDF | HTML (Released November 23, 2022)",0.75,hike
2022-12-14,https://www.federalreserve.gov/monetarypolicy/fomccalendars.htm,"December 13-14* Statement: PDF | HTML Implementation Note Press Conference Projection Materials PDF | HTML Minutes: PDF | HTML (Released January 04, 2023)",0.5,hike
2023-02-01,https://www.federalreserve.gov/monetarypolicy/fomccalendars.htm,"Jan/Feb 31-1 Statement: PDF | HTML Implementation Note Press Conference Statement on Longer-Run Goals and Monetary Policy Strategy Minutes: PDF | HTML (Released February 22, 2023)",0.25,hike
2023-03-22,https://www.federalreserve.gov/monetarypolicy/fomccalendars.htm,"March 21-22* Statement: PDF | HTML Implementation Note Press Conference Projection Materials PDF | HTML Minutes: PDF | HTML (Released April 12, 2023)",0.25,hike
2023-05-03,https://www.federalreserve.gov/monetarypolicy/fomccalendars.htm,"May 2-3 Statement: PDF | HTML Implementation Note Press Conference Minutes: PDF | HTML (Released May 24, 2023)",0.25,hike
2023-06-14,https://www.federalreserve.gov/monetarypolicy/fomccalendars.htm,"June 13-14* Statement: PDF | HTML Implementation Note Press Conference Projection Materials PDF | HTML Minutes: PDF | HTML (Released July 05, 2023)",0.0,hold
2023-07-26,https://www.federalreserve.gov/monetarypolicy/fomccalendars.htm,"July 25-26 Statement: PDF | HTML Implementation Note Press Conference Minutes: PDF | HTML (Released August 16, 2023)",0.25,hike
2023-09-20,https://www.federalreserve.gov/monetarypolicy/fomccalendars.htm,"September 19-20* Statement: PDF | HTML Implementation Note Press Conference Projection Materials PDF | HTML Minutes: PDF | HTML (Released October 11, 2023)",0.0,hold
2023-11-01,https://www.federalreserve.gov/monetarypolicy/fomccalendars.htm,"Oct/Nov 31-1 Statement: PDF | HTML Implementation Note Press Conference Minutes: PDF | HTML (Released November 21, 2023)",0.0,hold
2023-12-13,https://www.federalreserve.gov/monetarypolicy/fomccalendars.htm,"December 12-13* Statement: PDF | HTML Implementation Note Press Conference Projection Materials PDF | HTML Minutes: PDF | HTML (Released January 03, 2024)",0.0,hold
2024-01-31,https://www.federalreserve.gov/monetarypolicy/fomccalendars.htm,"January 30-31 Statement: PDF | HTML Implementation Note Press Conference Statement on Longer-Run Goals and Monetary Policy Strategy Minutes: PDF | HTML (Released February 21, 2024)",0.0,hold
2024-03-20,https://www.federalreserve.gov/monetarypolicy/fomccalendars.htm,"March 19-20* Statement: PDF | HTML Implementation Note Press Conference Projection Materials PDF | HTML Minutes: PDF | HTML (Released April 10, 2024)",0.0,hold
2024-05-01,https://www.federalreserve.gov/monetarypolicy/fomccalendars.htm,"Apr/May 30-1 Statement: PDF | HTML Implementation Note Press Conference Minutes: PDF | HTML (Released May 22, 2024)",0.0,hold
2024-06-12,https://www.federalreserve.gov/monetarypolicy/fomccalendars.htm,"June 11-12* Statement: PDF | HTML Implementation Note Press Conference Projection Materials PDF | HTML Minutes: PDF | HTML (Released July 03, 2024)",0.0,hold
2024-07-31,https://www.federalreserve.gov/monetarypolicy/fomccalendars.htm,"July 30-31 Statement: PDF | HTML Implementation Note Press Conference Minutes: PDF | HTML (Released August 21, 2024)",0.0,hold
2024-09-18,https://www.federalreserve.gov/monetarypolicy/fomccalendars.htm,"September 17-18* Statement: PDF | HTML Implementation Note Press Conference Projection Materials PDF | HTML Minutes: PDF | HTML (Released October 09, 2024)",-0.5,cut
2024-11-07,https://www.federalreserve.gov/monetarypolicy/fomccalendars.htm,"November 6-7 Statement: PDF | HTML Implementation Note Press Conference Minutes: PDF | HTML (Released November 26, 2024)",-0.25,cut
2024-12-18,https://www.federalreserve.gov/monetarypolicy/fomccalendars.htm,"December 17-18* Statement: PDF | HTML Implementation Note Press Conference Projection Materials PDF | HTML Minutes: PDF | HTML (Released January 08, 2025)",-0.25,cut
2025-01-29,https://www.federalreserve.gov/monetarypolicy/fomccalendars.htm,"January 28-29 Statement: PDF | HTML Implementation Note Press Conference Minutes: PDF | HTML (Released February 19, 2025)",0.0,hold
2025-03-19,https://www.federalreserve.gov/monetarypolicy/fomccalendars.htm,"March 18-19* Statement: PDF | HTML Implementation Note Press Conference Projection Materials PDF | HTML Minutes: PDF | HTML (Released April 09, 2025)",0.0,hold
2025-05-07,https://www.federalreserve.gov/monetarypolicy/fomccalendars.htm,"May 6-7 Statement: PDF | HTML Implementation Note Press Conference Minutes: PDF | HTML (Released May 28, 2025)",0.0,hold
2025-06-18,https://www.federalreserve.gov/monetarypolicy/fomccalendars.htm,"June 17-18* Statement: PDF | HTML Implementation Note Press Conference Projection Materials PDF | HTML Minutes: PDF | HTML (Released July 09, 2025)",0.0,hold
2025-07-30,https://www.federalreserve.gov/monetarypolicy/fomccalendars.htm,"July 29-30 Statement: PDF | HTML Implementation Note Press Conference Minutes: PDF | HTML (Released August 20, 2025)",0.0,hold
2025-09-17,https://www.federalreserve.gov/monetarypolicy/fomccalendars.htm,"September 16-17* Statement: PDF | HTML Implementation Note Press Conference Projection Materials PDF | HTML Minutes: PDF | HTML (Released October 08, 2025)",-0.25,cut
2025-10-29,https://www.federalreserve.gov/monetarypolicy/fomccalendars.htm,"October 28-29 Statement: PDF | HTML Implementation Note Press Conference Minutes: PDF | HTML (Released November 19, 2025)",-0.25,cut
2025-12-10,https://www.federalreserve.gov/monetarypolicy/fomccalendars.htm,"December 9-10* Statement: PDF | HTML Implementation Note Press Conference Projection Materials PDF | HTML Minutes: PDF | HTML (Released December 30, 2025)",-0.25,cut
